address,signature,signed_payload,verified_signature
0xAddressID1,verifiedSignatureTxnId,"[{""projectId"":""project1"",""amount"":""30000""},{""projectId"":""project2"",""amount"":""300000""},{""projectId"":""project3"",""amount"":""25000""},{""projectId"":""project4"",""amount"":""50000""},{""projectId"":""project5"",""amount"":""50000""},{""projectId"":""project6"",""amount"":""30000""},{""projectId"":""project7"",""amount"":""2000000""},{""projectId"":""project8"",""amount"":""2000000""},{""projectId"":""project9"",""amount"":""1000000""},{""projectId"":""project10"",""amount"":""1000000""},{""projectId"":""project11"",""amount"":""80000""}]",TRUE
0xAddressID1,verifiedSignatureTxnId,"[{""projectId"":""project1"",""amount"":""30000""},{""projectId"":""project2"",""amount"":""300000""},{""projectId"":""project3"",""amount"":""25000""},{""projectId"":""project4"",""amount"":""50030""},{""projectId"":""project5"",""amount"":""50000""},{""projectId"":""project6"",""amount"":""30000""},{""projectId"":""project7"",""amount"":""2000000""},{""projectId"":""project8"",""amount"":""2000000""},{""projectId"":""project9"",""amount"":""1003000""},{""projectId"":""project10"",""amount"":""1000000""},{""projectId"":""project11"",""amount"":""80000""}]",TRUE
0xAddressID1,verifiedSignatureTxnId,"[{""projectId"":""project1"",""amount"":""30000""},{""projectId"":""project2"",""amount"":""300000""},{""projectId"":""project3"",""amount"":""25000""},{""projectId"":""project4"",""amount"":""50000""},{""projectId"":""project5"",""amount"":""50000""},{""projectId"":""project6"",""amount"":""30030""},{""projectId"":""project7"",""amount"":""2000000""},{""projectId"":""project8"",""amount"":""2000000""},{""projectId"":""project9"",""amount"":""1003000""},{""projectId"":""project10"",""amount"":""1000000""},{""projectId"":""project11"",""amount"":""80000""}]",TRUE
0xAddressID1,verifiedSignatureTxnId,"[{""projectId"":""project1"",""amount"":""30000""},{""projectId"":""project2"",""amount"":""300000""},{""projectId"":""project3"",""amount"":""25030""},{""projectId"":""project4"",""amount"":""50000""},{""projectId"":""project5"",""amount"":""50000""},{""projectId"":""project6"",""amount"":""30030""},{""projectId"":""project7"",""amount"":""2000000""},{""projectId"":""project8"",""amount"":""2000000""},{""projectId"":""project9"",""amount"":""3030000""},{""projectId"":""project10"",""amount"":""1000000""},{""projectId"":""project11"",""amount"":""80000""}]",TRUE
0xAddressID1,verifiedSignatureTxnId,"[{""projectId"":""project1"",""amount"":""30000""},{""projectId"":""project2"",""amount"":""300000""},{""projectId"":""project3"",""amount"":""25000""},{""projectId"":""project4"",""amount"":""50000""},{""projectId"":""project5"",""amount"":""50000""},{""projectId"":""project6"",""amount"":""30000""},{""projectId"":""project7"",""amount"":""2000000""},{""projectId"":""project8"",""amount"":""2000000""},{""projectId"":""project9"",""amount"":""1400000""},{""projectId"":""project10"",""amount"":""1003000""},{""projectId"":""project11"",""amount"":""80000""}]",TRUE
0xAddressID1,verifiedSignatureTxnId,"[{""projectId"":""project1"",""amount"":""30000""},{""projectId"":""project2"",""amount"":""300000""},{""projectId"":""project3"",""amount"":""25000""},{""projectId"":""project4"",""amount"":""50030""},{""projectId"":""project5"",""amount"":""50000""},{""projectId"":""project6"",""amount"":""30000""},{""projectId"":""project7"",""amount"":""2000000""},{""projectId"":""project8"",""amount"":""2000000""},{""projectId"":""project9"",""amount"":""4000000""},{""projectId"":""project10"",""amount"":""1000000""},{""projectId"":""project11"",""amount"":""80000""}]",TRUE
0xAddressID1,verifiedSignatureTxnId,"[{""projectId"":""project1"",""amount"":""30000""},{""projectId"":""project2"",""amount"":""300000""},{""projectId"":""project3"",""amount"":""25000""},{""projectId"":""project4"",""amount"":""50000""},{""projectId"":""project5"",""amount"":""50000""},{""projectId"":""project6"",""amount"":""30000""},{""projectId"":""project7"",""amount"":""2000300""},{""projectId"":""project8"",""amount"":""2000000""},{""projectId"":""project9"",""amount"":""1000000""},{""projectId"":""project10"",""amount"":""1003000""},{""projectId"":""project11"",""amount"":""80000""}]",TRUE
0xAddressID1,verifiedSignatureTxnId,"[{""projectId"":""project1"",""amount"":""30000""},{""projectId"":""project2"",""amount"":""300000""},{""projectId"":""project3"",""amount"":""25000""},{""projectId"":""project4"",""amount"":""50000""},{""projectId"":""project5"",""amount"":""50000""},{""projectId"":""project6"",""amount"":""30000""},{""projectId"":""project7"",""amount"":""2000300""},{""projectId"":""project8"",""amount"":""2000000""},{""projectId"":""project9"",""amount"":""1000000""},{""projectId"":""project10"",""amount"":""1003000""},{""projectId"":""project11"",""amount"":""80000""}]",TRUE
0xAddressID1,verifiedSignatureTxnId,"[{""projectId"":""project1"",""amount"":""30000""},{""projectId"":""project2"",""amount"":""300000""},{""projectId"":""project3"",""amount"":""25000""},{""projectId"":""project4"",""amount"":""50000""},{""projectId"":""project5"",""amount"":""50000""},{""projectId"":""project6"",""amount"":""30000""},{""projectId"":""project7"",""amount"":""2000000""},{""projectId"":""project8"",""amount"":""2000000""},{""projectId"":""project9"",""amount"":""1000000""},{""projectId"":""project10"",""amount"":""1000000""},{""projectId"":""project11"",""amount"":""80000""}]",TRUE
0xAddressID1,verifiedSignatureTxnId,"[{""projectId"":""project1"",""amount"":""30000""},{""projectId"":""project2"",""amount"":""300000""},{""projectId"":""project3"",""amount"":""25000""},{""projectId"":""project4"",""amount"":""50000""},{""projectId"":""project5"",""amount"":""50000""},{""projectId"":""project6"",""amount"":""30000""},{""projectId"":""project7"",""amount"":""2000000""},{""projectId"":""project8"",""amount"":""2000000""},{""projectId"":""project9"",""amount"":""1000000""},{""projectId"":""project10"",""amount"":""1000000""},{""projectId"":""project11"",""amount"":""80000""}]",TRUE
0xAddressID1,verifiedSignatureTxnId,"[{""projectId"":""project1"",""amount"":""30000""},{""projectId"":""project2"",""amount"":""300000""},{""projectId"":""project3"",""amount"":""25000""},{""projectId"":""project4"",""amount"":""50000""},{""projectId"":""project5"",""amount"":""50000""},{""projectId"":""project6"",""amount"":""30000""},{""projectId"":""project7"",""amount"":""2000000""},{""projectId"":""project8"",""amount"":""2000000""},{""projectId"":""project9"",""amount"":""1000000""},{""projectId"":""project10"",""amount"":""1000000""},{""projectId"":""project11"",""amount"":""80000""}]",TRUE
0xAddressID1,verifiedSignatureTxnId,"[{""projectId"":""project1"",""amount"":""30000""},{""projectId"":""project2"",""amount"":""300000""},{""projectId"":""project3"",""amount"":""25000""},{""projectId"":""project4"",""amount"":""50000""},{""projectId"":""project5"",""amount"":""50000""},{""projectId"":""project6"",""amount"":""30000""},{""projectId"":""project7"",""amount"":""2000000""},{""projectId"":""project8"",""amount"":""2000000""},{""projectId"":""project9"",""amount"":""1000000""},{""projectId"":""project10"",""amount"":""1000000""},{""projectId"":""project11"",""amount"":""80000""}]",TRUE
0xAddressID1,verifiedSignatureTxnId,"[{""projectId"":""project1"",""amount"":""30000""},{""projectId"":""project2"",""amount"":""300000""},{""projectId"":""project3"",""amount"":""25000""},{""projectId"":""project4"",""amount"":""50000""},{""projectId"":""project5"",""amount"":""50000""},{""projectId"":""project6"",""amount"":""30000""},{""projectId"":""project7"",""amount"":""2000000""},{""projectId"":""project8"",""amount"":""2000000""},{""projectId"":""project9"",""amount"":""1000000""},{""projectId"":""project10"",""amount"":""1000000""},{""projectId"":""project11"",""amount"":""80000""}]",TRUE
0xAddressID1,verifiedSignatureTxnId,"[{""projectId"":""project1"",""amount"":""30000""},{""projectId"":""project2"",""amount"":""300000""},{""projectId"":""project3"",""amount"":""25000""},{""projectId"":""project4"",""amount"":""50000""},{""projectId"":""project5"",""amount"":""50000""},{""projectId"":""project6"",""amount"":""30000""},{""projectId"":""project7"",""amount"":""2000000""},{""projectId"":""project8"",""amount"":""2000000""},{""projectId"":""project9"",""amount"":""1000000""},{""projectId"":""project10"",""amount"":""1000000""},{""projectId"":""project11"",""amount"":""80000""}]",TRUE
0xAddressID1,verifiedSignatureTxnId,"[{""projectId"":""project1"",""amount"":""30000""},{""projectId"":""project2"",""amount"":""300000""},{""projectId"":""project3"",""amount"":""25000""},{""projectId"":""project4"",""amount"":""50000""},{""projectId"":""project5"",""amount"":""50000""},{""projectId"":""project6"",""amount"":""30000""},{""projectId"":""project7"",""amount"":""2000000""},{""projectId"":""project8"",""amount"":""2000000""},{""projectId"":""project9"",""amount"":""1000000""},{""projectId"":""project10"",""amount"":""1000000""},{""projectId"":""project11"",""amount"":""80000""}]",TRUE
0xAddressID1,verifiedSignatureTxnId,"[{""projectId"":""project1"",""amount"":""30000""},{""projectId"":""project2"",""amount"":""300000""},{""projectId"":""project3"",""amount"":""25000""},{""projectId"":""project4"",""amount"":""50000""},{""projectId"":""project5"",""amount"":""50000""},{""projectId"":""project6"",""amount"":""30000""},{""projectId"":""project7"",""amount"":""2000000""},{""projectId"":""project8"",""amount"":""2000000""},{""projectId"":""project9"",""amount"":""1000000""},{""projectId"":""project10"",""amount"":""1000000""},{""projectId"":""project11"",""amount"":""80000""}]",TRUE
0xAddressID1,verifiedSignatureTxnId,"[{""projectId"":""project1"",""amount"":""30000""},{""projectId"":""project2"",""amount"":""300000""},{""projectId"":""project3"",""amount"":""25000""},{""projectId"":""project4"",""amount"":""50000""},{""projectId"":""project5"",""amount"":""50000""},{""projectId"":""project6"",""amount"":""30000""},{""projectId"":""project7"",""amount"":""2000000""},{""projectId"":""project8"",""amount"":""2000000""},{""projectId"":""project9"",""amount"":""1400000""},{""projectId"":""project10"",""amount"":""1000000""},{""projectId"":""project11"",""amount"":""80000""}]",TRUE
0xAddressID1,verifiedSignatureTxnId,"[{""projectId"":""project1"",""amount"":""30000""},{""projectId"":""project2"",""amount"":""300000""},{""projectId"":""project3"",""amount"":""25000""},{""projectId"":""project4"",""amount"":""50000""},{""projectId"":""project5"",""amount"":""50000""},{""projectId"":""project6"",""amount"":""30000""},{""projectId"":""project7"",""amount"":""2000000""},{""projectId"":""project8"",""amount"":""2000000""},{""projectId"":""project9"",""amount"":""1000000""},{""projectId"":""project10"",""amount"":""1300000""},{""projectId"":""project11"",""amount"":""80000""}]",TRUE
0xAddressID1,verifiedSignatureTxnId,"[{""projectId"":""project1"",""amount"":""30000""},{""projectId"":""project2"",""amount"":""300000""},{""projectId"":""project3"",""amount"":""25000""},{""projectId"":""project4"",""amount"":""50000""},{""projectId"":""project5"",""amount"":""50000""},{""projectId"":""project6"",""amount"":""30000""},{""projectId"":""project7"",""amount"":""200000""},{""projectId"":""project8"",""amount"":""200000""},{""projectId"":""project9"",""amount"":""1000000""},{""projectId"":""project10"",""amount"":""1000000""},{""projectId"":""project11"",""amount"":""80000""}]",TRUE
0xAddressID1,verifiedSignatureTxnId,"[{""projectId"":""project1"",""amount"":""30000""},{""projectId"":""project2"",""amount"":""300000""},{""projectId"":""project3"",""amount"":""25000""},{""projectId"":""project4"",""amount"":""50000""},{""projectId"":""project5"",""amount"":""50000""},{""projectId"":""project6"",""amount"":""30000""},{""projectId"":""project7"",""amount"":""2000000""},{""projectId"":""project8"",""amount"":""200000""},{""projectId"":""project9"",""amount"":""1000000""},{""projectId"":""project10"",""amount"":""1000000""},{""projectId"":""project11"",""amount"":""80000""}]",TRUE